,Accuracy,Train Accuracy,Test Accuracy,Precision,Recall,f1-score,roc_auc_score
knn,0.675,77.14,67.5,0.6850349650349651,0.675,0.6777407696123592,0.674
decision_tree,0.95,96.43,95.0,0.9514354066985646,0.95,0.9495887191539365,0.941
logistic_regression,0.925,89.64,92.5,0.9253808565679793,0.925,0.9251243601759067,0.924
naive_bayes,0.95,94.64,95.0,0.9508571428571428,0.95,0.9501580914055764,0.951
svc,0.9416666666666667,97.14,94.17,0.9419948260994537,0.9416666666666667,0.9417633912479274,0.941
neuralnetwork,0.6,63.57000000000001,60.0,0.36,0.6,0.44999999999999996,0.5
